{"cameraMode":{"drawMode":1,"name":"Wireframe","section":"Shading Mode"},"sceneLighting":true,"audioPlay":false,"sceneViewState":{"showFog":true,"showMaterialUpdate":false,"showSkybox":true,"showFlares":true,"showImageEffects":true,"showParticleSystems":true},"in2DMode":false,"pivot":{"x":-0.3634289801120758,"y":0.6177692413330078,"z":0.05895376205444336},"rotation":{"x":-0.039509933441877368,"y":-0.9562242031097412,"z":0.15363770723342896,"w":-0.2459060698747635},"size":1.0301766395568848,"orthographic":false}