{"cameraMode":{"drawMode":1,"name":"Wireframe","section":"Shading Mode"},"sceneLighting":true,"audioPlay":false,"sceneViewState":{"showFog":true,"showMaterialUpdate":false,"showSkybox":true,"showFlares":true,"showImageEffects":true,"showParticleSystems":true},"in2DMode":false,"pivot":{"x":1.0804482698440552,"y":0.5399731993675232,"z":0.5262914896011353},"rotation":{"x":0.19999612867832185,"y":0.42279428243637087,"z":-0.09623752534389496,"w":0.8786267638206482},"size":4.352964401245117,"orthographic":false}