{"cameraMode":{"drawMode":1,"name":"Wireframe","section":"Shading Mode"},"sceneLighting":true,"audioPlay":false,"sceneViewState":{"showFog":true,"showMaterialUpdate":false,"showSkybox":true,"showFlares":true,"showImageEffects":true,"showParticleSystems":true},"in2DMode":false,"pivot":{"x":0.42321932315826418,"y":0.7319430112838745,"z":-0.0033072978258132936},"rotation":{"x":0.06611010432243347,"y":0.06729565560817719,"z":-0.004468936938792467,"w":0.9955304861068726},"size":1.4334523677825928,"orthographic":false}